Query_ID	Target_ID	Optimal_offset	p-value	E-value	q-value	Overlap	Query_consensus	Target_consensus	Orientation
filter1	MA0490.2	-6	3.52038e-06	0.0026262	0.000895254	13	GTTTCCATATGACTCAGCA	AAATGACTCATTT	+
filter1	MA0477.2	-6	3.83969e-06	0.00286441	0.000895254	13	GTTTCCATATGACTCAGCA	TGATGACTCATCC	+
filter1	MA0462.2	-7	4.69079e-06	0.00349933	0.000895254	11	GTTTCCATATGACTCAGCA	TATGACTCATA	+
filter1	MA1634.1	-7	4.69079e-06	0.00349933	0.000895254	11	GTTTCCATATGACTCAGCA	TATGACTCATA	+
filter1	MA1130.1	-7	4.75811e-06	0.00354955	0.000895254	12	GTTTCCATATGACTCAGCA	GATGACTCATCC	-
filter1	MA0655.1	-8	4.78968e-06	0.0035731	0.000895254	9	GTTTCCATATGACTCAGCA	ATGACTCAT	+
filter1	MA1622.1	-5	4.80972e-06	0.00358805	0.000895254	14	GTTTCCATATGACTCAGCA	ATGATGACTCATAA	+
filter1	MA0491.2	-6	4.96947e-06	0.00370723	0.000895254	13	GTTTCCATATGACTCAGCA	TGATGACTCATCC	+
filter1	MA0835.2	-7	6.97472e-06	0.00520314	0.00107401	11	GTTTCCATATGACTCAGCA	TATGACTCATA	+
filter1	MA1137.1	-6	7.57577e-06	0.00565152	0.00107401	13	GTTTCCATATGACTCAGCA	TGATGACTCATAC	+
filter1	MA1134.1	-6	8.36661e-06	0.00624149	0.00107401	12	GTTTCCATATGACTCAGCA	GGATGACTCATC	-
filter1	MA1128.1	-6	8.94262e-06	0.00667119	0.00107401	13	GTTTCCATATGACTCAGCA	TGATGACTCATCC	+
filter1	MA1141.1	-6	9.71027e-06	0.00724386	0.0010765	13	GTTTCCATATGACTCAGCA	CGATGACTCATCC	-
filter1	MA1135.1	-7	1.24729e-05	0.00930478	0.001284	10	GTTTCCATATGACTCAGCA	GATGACTCAT	+
filter1	MA1138.1	-7	1.55002e-05	0.0115632	0.00148927	10	GTTTCCATATGACTCAGCA	GATGACTCAT	+
filter1	MA0099.3	-7	1.91809e-05	0.0143089	0.00172772	10	GTTTCCATATGACTCAGCA	GATGACTCAT	-
filter1	MA1144.1	-7	2.13044e-05	0.0158931	0.00180612	10	GTTTCCATATGACTCAGCA	GATGACTCAT	+
filter1	MA0476.1	-7	2.83258e-05	0.021131	0.00224496	11	GTTTCCATATGACTCAGCA	AATGAGTCACA	-
filter1	MA0841.1	-7	3.69311e-05	0.0275506	0.00266127	11	GTTTCCATATGACTCAGCA	CATGACTCATC	+
filter1	MA0150.2	-4	4.24273e-05	0.0316508	0.00277938	15	GTTTCCATATGACTCAGCA	CAGCATGACTCAGCA	+
filter1	MA1132.1	-7	6.36489e-05	0.047482	0.00382213	10	GTTTCCATATGACTCAGCA	GATGACTCAT	+
filter1	MA0489.1	-3	7.54994e-05	0.0563225	0.004185	14	GTTTCCATATGACTCAGCA	AGGAGATGACTCAT	+
filter1	MA0478.1	-6	7.96478e-05	0.0594172	0.00425144	11	GTTTCCATATGACTCAGCA	GGATGACTCAT	+
filter1	MA1142.1	-7	0.000101315	0.075581	0.00521485	10	GTTTCCATATGACTCAGCA	GATGACTCAT	+
filter1	MA1633.1	-7	0.000160446	0.119693	0.00700716	12	GTTTCCATATGACTCAGCA	GATGACTCAGCAA	+
filter1	MA0089.2	-5	0.000210386	0.156948	0.00819486	14	GTTTCCATATGACTCAGCA	AGAATGACTCAGCAAT	+
filter1	MA1101.2	-3	0.000566416	0.422546	0.0177461	16	GTTTCCATATGACTCAGCA	AAAGCATGACTCATCATTT	+
filter1	MA0496.3	-6	0.000599537	0.447255	0.0183842	13	GTTTCCATATGACTCAGCA	TGCTGACTCAGCAAT	+
filter1	MA0591.1	-5	0.00155141	1.15735	0.0438412	14	GTTTCCATATGACTCAGCA	AGGATGACTCAGCAC	+
filter1	MA0501.1	-8	0.00195056	1.45512	0.0520586	11	GTTTCCATATGACTCAGCA	ATGACTCAGCAATTT	+
filter1	MA1640.1	-4	0.00379953	2.83445	0.0969698	15	GTTTCCATATGACTCAGCA	AGCCATAAATCATTT	-
filter1	MA1114.1	-2	0.00383518	2.86104	0.0969698	17	GTTTCCATATGACTCAGCA	CCGCCTGTCACTCACCC	-
filter1	MA0676.1	-8	0.00483926	3.61009	0.120248	9	GTTTCCATATGACTCAGCA	TTGACTTTT	-
filter1	MA1651.1	0	0.00734121	5.47654	0.176336	19	GTTTCCATATGACTCAGCA	GTTCCAAAATGGCTGCCTCCG	+
filter1	MA1143.1	-8	0.00798376	5.95588	0.188361	10	GTTTCCATATGACTCAGCA	ATGACGTAAC	+
filter1	MA0679.2	-3	0.0081032	6.04499	0.188361	16	GTTTCCATATGACTCAGCA	AAAAAATCAATAAATA	+
filter1	MA1639.1	-5	0.0083386	6.22059	0.190756	13	GTTTCCATATGACTCAGCA	GTCATCAATCATT	+
filter1	MA0601.1	-6	0.00868474	6.47882	0.19557	11	GTTTCCATATGACTCAGCA	ATATTAATTAA	+
filter1	MA0782.2	-3	0.00929463	6.9338	0.206084	15	GTTTCCATATGACTCAGCA	TAGCTGTCACTCAAA	-
filter1	MA1113.2	-5	0.0097975	7.30894	0.213943	13	GTTTCCATATGACTCAGCA	GTCATAAATCATT	+
filter1	MA1126.1	-3	0.0139727	10.4236	0.30056	16	GTTTCCATATGACTCAGCA	AAATGATGACGTCATC	-
filter1	MA0070.1	-7	0.014797	11.0386	0.310453	12	GTTTCCATATGACTCAGCA	TTTGATTGATGG	-
filter1	MA0883.1	-3	0.0148634	11.0881	0.310453	16	GTTTCCATATGACTCAGCA	TGAACCGGATTAATGAA	+
filter1	MA1110.1	-5	0.0191959	14.3201	0.395217	11	GTTTCCATATGACTCAGCA	TCAATGACCTA	+
filter1	MA0604.1	-8	0.0201094	15.0016	0.402561	8	GTTTCCATATGACTCAGCA	ATGACGTA	+
filter1	MA0498.2	-8	0.0201112	15.003	0.402561	7	GTTTCCATATGACTCAGCA	TTGACAG	+
filter1	MA1645.1	-5	0.0207667	15.4919	0.409987	14	GTTTCCATATGACTCAGCA	TTCTTGAGTGGTTA	-
filter1	MA0611.1	-8	0.0227229	16.9513	0.442546	8	GTTTCCATATGACTCAGCA	TTGATTGG	-
filter1	MA1523.1	-8	0.0232711	17.3603	0.44718	10	GTTTCCATATGACTCAGCA	GTGAGTGTAC	-
filter4	MA0080.5	0	2.89009e-17	2.15601e-14	4.22622e-14	19	CAGAAAGAGGAAGTGAAAC	AAAAAAGAGGAAGTGAAAAA	+
filter4	MA0081.2	-2	6.10905e-15	4.55735e-12	4.46666e-12	16	CAGAAAGAGGAAGTGAAAC	AAAAGAGGAAGTGAAA	-
filter4	MA0598.3	-2	1.10649e-08	8.25444e-06	5.39346e-06	15	CAGAAAGAGGAAGTGAAAC	GAAACAGGAAGTGAG	-
filter4	MA0687.1	-1	4.17675e-08	3.11585e-05	1.52693e-05	14	CAGAAAGAGGAAGTGAAAC	AAAAAGAGGAAGTA	+
filter4	MA0473.3	-3	3.0556e-07	0.000227948	8.93647e-05	14	CAGAAAGAGGAAGTGAAAC	AAACAGGAAGTGGG	+
filter4	MA0062.3	-3	4.50689e-07	0.000336214	0.000109841	14	CAGAAAGAGGAAGTGAAAC	AAACAGGAAGTGGG	-
filter4	MA0640.2	-4	9.54402e-07	0.000711984	0.000199376	14	CAGAAAGAGGAAGTGAAAC	ACCAGGAAGTGGAA	-
filter4	MA0050.2	3	1.47226e-06	0.00109831	0.000266364	18	CAGAAAGAGGAAGTGAAAC	AAAGTGAAAGTGAAAGTAAAA	-
filter4	MA0761.2	-3	1.63938e-06	0.00122297	0.000266364	14	CAGAAAGAGGAAGTGAAAC	AAACAGGAAGTGAA	+
filter4	MA0645.1	-5	6.37613e-06	0.00475659	0.000932388	10	CAGAAAGAGGAAGTGAAAC	AGCGGAAGTG	+
filter4	MA1508.1	-2	1.29816e-05	0.00968424	0.00172573	12	CAGAAAGAGGAAGTGAAAC	GAAACAGGAAGT	+
filter4	MA1652.1	-5	1.53733e-05	0.0114685	0.00187338	14	CAGAAAGAGGAAGTGAAAC	GGAGGAGGTGAGAA	+
filter4	MA0641.1	-3	6.33695e-05	0.0472736	0.00686642	12	CAGAAAGAGGAAGTGAAAC	AACCCGGAAGTG	+
filter4	MA0051.1	-1	6.57383e-05	0.0490408	0.00686642	18	CAGAAAGAGGAAGTGAAAC	GGAAAGCGAAACCAAAAC	+
filter4	MA0136.2	-4	8.06462e-05	0.060162	0.00786199	11	CAGAAAGAGGAAGTGAAAC	ACCCGGAAGTA	+
filter4	MA0517.1	-1	8.60523e-05	0.064195	0.0078647	15	CAGAAAGAGGAAGTGAAAC	GGAAAATGAAACTGA	-
filter4	MA1483.1	-3	0.000114631	0.0855147	0.00986036	12	CAGAAAGAGGAAGTGAAAC	AACCCGGAAGTA	+
filter4	MA0765.2	-5	0.000127348	0.0950015	0.0103457	11	CAGAAAGAGGAAGTGAAAC	GCCGGAAGTGG	-
filter4	MA0764.2	-5	0.000151514	0.113029	0.0116611	10	CAGAAAGAGGAAGTGAAAC	ACAGGAAGTG	+
filter4	MA0028.2	-5	0.000163845	0.122229	0.0117718	10	CAGAAAGAGGAAGTGAAAC	ACCGGAAGTG	+
filter4	MA0750.2	-4	0.000175823	0.131164	0.0117718	13	CAGAAAGAGGAAGTGAAAC	GCCCGGAAGTGGC	+
filter4	MA0760.1	-5	0.000177102	0.132118	0.0117718	10	CAGAAAGAGGAAGTGAAAC	ACCGGAAGTG	+
filter4	MA1623.1	-1	0.000264319	0.197182	0.0168051	13	CAGAAAGAGGAAGTGAAAC	AGAAACAGAAACT	+
filter4	MA0763.1	-5	0.000349967	0.261075	0.0205523	10	CAGAAAGAGGAAGTGAAAC	ACCGGAAGTG	+
filter4	MA0076.2	-5	0.000351366	0.262119	0.0205523	11	CAGAAAGAGGAAGTGAAAC	GCCGGAAGTGG	-
filter4	MA0759.1	-5	0.000405331	0.302377	0.022797	10	CAGAAAGAGGAAGTGAAAC	ACCGGAAGTA	+
filter4	MA0657.1	-1	0.00062564	0.466727	0.0338845	18	CAGAAAGAGGAAGTGAAAC	CAAAAAGGGGCGTGGCAT	-
filter4	MA0475.2	-5	0.000669529	0.499469	0.0349664	10	CAGAAAGAGGAAGTGAAAC	ACCGGAAGTG	+
filter4	MA0156.2	-5	0.000718216	0.535789	0.0362157	10	CAGAAAGAGGAAGTGAAAC	ACCGGAAGTG	+
filter4	MA1418.1	0	0.00076268	0.56896	0.0363295	19	CAGAAAGAGGAAGTGAAAC	GGGAAACGGAAACCGAAACTG	+
filter4	MA0474.2	-5	0.000770161	0.57454	0.0363295	10	CAGAAAGAGGAAGTGAAAC	ACCGGAAGTG	+
filter4	MA0098.3	-5	0.000884633	0.659936	0.0404253	10	CAGAAAGAGGAAGTGAAAC	ACCGGAAGTG	+
filter4	MA0772.1	0	0.000930908	0.694457	0.0412508	14	CAGAAAGAGGAAGTGAAAC	ACGAAAGCGAAAGT	+
filter4	MA0508.3	-4	0.00152019	1.13406	0.0653821	11	CAGAAAGAGGAAGTGAAAC	AAGAGAAAGAA	-
filter4	MA0762.1	-4	0.00207827	1.55039	0.086831	11	CAGAAAGAGGAAGTGAAAC	AACCGGAAATA	+
filter4	MA0638.1	-5	0.00224064	1.67152	0.0910143	14	CAGAAAGAGGAAGTGAAAC	TGATGACGTGGCAC	-
filter4	MA1484.1	-4	0.00349145	2.60462	0.137989	10	CAGAAAGAGGAAGTGAAAC	GACCGGAAGT	+
filter4	MA1126.1	-2	0.00539005	4.02098	0.207419	16	CAGAAAGAGGAAGTGAAAC	AAATGATGACGTCATC	-
filter4	MA0844.1	-6	0.00781483	5.82986	0.293018	13	CAGAAAGAGGAAGTGAAAC	GATGACGTGGCATT	-
filter4	MA1145.1	-4	0.00948685	7.07719	0.342384	15	CAGAAAGAGGAAGTGAAAC	GCGATGACGTCATCA	-
filter4	MA0740.1	-4	0.00959969	7.16137	0.342384	14	CAGAAAGAGGAAGTGAAAC	AAGGGGGCGTGGCC	-
filter4	MA1657.1	-2	0.0101736	7.58952	0.354214	12	CAGAAAGAGGAAGTGAAAC	GAAAGAGTTAAA	+
filter4	MA1522.1	-6	0.0124176	9.26352	0.422288	11	CAGAAAGAGGAAGTGAAAC	GGGGAGGGGCG	-
filter4	MA0686.1	-4	0.0131003	9.77281	0.434794	11	CAGAAAGAGGAAGTGAAAC	ACCCGGATGTA	+
filter4	MA0492.1	-3	0.0134122	10.0055	0.434794	15	CAGAAAGAGGAAGTGAAAC	AAAGATGATGTCATC	+
filter4	MA0522.3	-6	0.013817	10.3075	0.434794	11	CAGAAAGAGGAAGTGAAAC	GGGCAGGTGCG	-
filter4	MA1589.1	-1	0.0141556	10.5601	0.434794	18	CAGAAAGAGGAAGTGAAAC	TAGGAGTGGAATTGCTGGGTC	+
filter4	MA1466.1	-5	0.0143405	10.698	0.434794	14	CAGAAAGAGGAAGTGAAAC	TGATGACGTGGCAG	+
filter4	MA1117.1	-4	0.0145693	10.8687	0.434794	11	CAGAAAGAGGAAGTGAAAC	CCGGGGAATTC	-
filter4	MA1631.1	-5	0.0155086	11.5694	0.453569	13	CAGAAAGAGGAAGTGAAAC	GGGGCAGGTGCTG	-
filter4	MA1648.1	-6	0.0161868	12.0754	0.464122	11	CAGAAAGAGGAAGTGAAAC	CGGCAGGTGCG	-
filter4	MA0624.1	-5	0.0167263	12.4778	0.470366	10	CAGAAAGAGGAAGTGAAAC	AATGGAAAAT	-
filter4	MA1474.1	-6	0.0170934	12.7517	0.47162	12	CAGAAAGAGGAAGTGAAAC	GGTGACGTGGCA	-
filter4	MA0652.1	0	0.0174398	13.0101	0.472268	14	CAGAAAGAGGAAGTGAAAC	TCGAAACCGAAACT	+
filter6	MA0883.1	-2	0.000110614	0.0825178	0.137963	17	TATGTGTCAGATTGAGTTT	TGAACCGGATTAATGAA	+
filter6	MA0854.1	-2	0.000191994	0.143228	0.137963	17	TATGTGTCAGATTGAGTTT	GGTGATTAATTAATTCG	-
filter6	MA0853.1	-2	0.000408977	0.305097	0.195921	17	TATGTGTCAGATTGAGTTT	GGTAATTAATTAATGCG	-
filter6	MA0679.2	-5	0.000764424	0.57026	0.250173	14	TATGTGTCAGATTGAGTTT	TATTTATTGATTTTTT	-
filter6	MA0070.1	-6	0.000870375	0.6493	0.250173	12	TATGTGTCAGATTGAGTTT	TTTGATTGATGG	-
filter6	MA1644.1	-6	0.00136791	1.02046	0.282658	11	TATGTGTCAGATTGAGTTT	TCTGATTGGCT	-
filter6	MA0896.1	-2	0.00156479	1.16733	0.282658	17	TATGTGTCAGATTGAGTTT	ATTCATTAATTGCTTGT	-
filter6	MA0060.3	-6	0.0017331	1.2929	0.282658	11	TATGTGTCAGATTGAGTTT	TCTGATTGGTT	-
filter6	MA0874.1	-2	0.00191349	1.42746	0.282658	17	TATGTGTCAGATTGAGTTT	GTCCATTAATTAATGGA	+
filter6	MA1579.1	-3	0.00209469	1.56264	0.282658	15	TATGTGTCAGATTGAGTTT	ATCTTTTCTGGAGTA	-
filter6	MA1639.1	-6	0.00273824	2.04272	0.282658	13	TATGTGTCAGATTGAGTTT	AATGATTGATGAC	-
filter6	MA0620.3	-2	0.0027535	2.05411	0.282658	17	TATGTGTCAGATTGAGTTT	TAAAGTCACGTGACTTTA	+
filter6	MA1645.1	-4	0.00406965	3.03596	0.326648	14	TATGTGTCAGATTGAGTTT	TTCTTGAGTGGTTA	-
filter6	MA0898.1	-2	0.00416253	3.10525	0.326648	17	TATGTGTCAGATTGAGTTT	ATTCTTTAATTGCTTGT	-
filter6	MA0852.2	-5	0.00435094	3.2458	0.326648	14	TATGTGTCAGATTGAGTTT	GCCTTGTTTACATT	-
filter6	MA0700.2	-6	0.00457582	3.41356	0.326648	11	TATGTGTCAGATTGAGTTT	ATTAATTGGTT	-
filter6	MA0505.1	-4	0.00497543	3.71167	0.326648	15	TATGTGTCAGATTGAGTTT	GCTGACCTTGAACTT	-
filter6	MA1640.1	-5	0.00497543	3.71167	0.326648	14	TATGTGTCAGATTGAGTTT	AAATGATTTATGGCT	+
filter6	MA0084.1	-10	0.00500033	3.73024	0.326648	9	TATGTGTCAGATTGAGTTT	ATTGTTTAC	-
filter6	MA1119.1	-3	0.00540214	4.02999	0.337553	16	TATGTGTCAGATTGAGTTT	GTATCAGGTTTCAGTT	-
filter6	MA0897.1	-2	0.00568206	4.23882	0.340251	17	TATGTGTCAGATTGAGTTT	ATTCTTTAATTGCTTGT	-
filter6	MA0769.2	-7	0.00606694	4.52594	0.348766	11	TATGTGTCAGATTGAGTTT	TCCTTTGATGT	+
filter6	MA0743.2	-2	0.00832047	6.20707	0.443083	16	TATGTGTCAGATTGAGTTT	AACCACCTGTTGAATT	-
filter6	MA0602.1	-5	0.00832424	6.20988	0.443083	14	TATGTGTCAGATTGAGTTT	CTAATATTGCTAAA	+
filter6	MA0601.1	-7	0.00976647	7.28579	0.457581	11	TATGTGTCAGATTGAGTTT	TTAATTAATAT	-
filter6	MA0710.1	-6	0.00982051	7.3261	0.457581	10	TATGTGTCAGATTGAGTTT	GCTAATTAGC	+
filter6	MA0634.1	-6	0.00982051	7.3261	0.457581	10	TATGTGTCAGATTGAGTTT	TTTAATTAGA	-
filter6	MA0019.1	-7	0.0101672	7.58471	0.457581	12	TATGTGTCAGATTGAGTTT	GGGATTGCATCT	-
filter6	MA0662.1	-6	0.010507	7.83819	0.457581	10	TATGTGTCAGATTGAGTTT	GTTAATTAGA	-
filter6	MA0143.4	-6	0.0111454	8.31446	0.457648	11	TATGTGTCAGATTGAGTTT	TTCCATTGTTT	-
filter6	MA1113.2	-6	0.0119068	8.88244	0.462512	13	TATGTGTCAGATTGAGTTT	AATGATTTATGAC	-
filter6	MA0744.2	-2	0.0119075	8.88298	0.462512	16	TATGTGTCAGATTGAGTTT	AACCACCTGTTGCTTT	-
filter6	MA1120.1	-6	0.0126972	9.47211	0.462687	11	TATGTGTCAGATTGAGTTT	TGCCATTGTTT	-
filter6	MA1152.1	-8	0.012832	9.5727	0.462687	10	TATGTGTCAGATTGAGTTT	CTATTGTTTT	+
filter6	MA0140.2	3	0.0131998	9.84704	0.462687	15	TATGTGTCAGATTGAGTTT	CTGCTCCTCACAGATAAG	-
filter6	MA0621.1	-6	0.0135437	10.1036	0.46344	11	TATGTGTCAGATTGAGTTT	ACTAATTAATT	-
filter6	MA0611.1	-7	0.0143049	10.6715	0.46879	8	TATGTGTCAGATTGAGTTT	TTGATTGG	-
filter6	MA0078.1	-7	0.0143525	10.7069	0.46879	9	TATGTGTCAGATTGAGTTT	CTCATTGTC	+
filter6	MA0258.2	-3	0.0150424	11.2217	0.480408	15	TATGTGTCAGATTGAGTTT	AGGTCAGGGTGACCT	-
filter7	MA0615.1	-2	0.000522464	0.389758	0.389758	17	TTTTTTTTTTTTTTTTTTT	GAGTGTACGTAAGATGG	+
filter8	MA0080.5	1	1.4922e-13	1.11318e-10	2.18957e-10	19	GTTTCACTTCCTCTTTTTT	TTTTTCACTTCCTCTTTTTT	-
filter8	MA0081.2	-1	4.58629e-11	3.42138e-08	3.36482e-08	16	GTTTCACTTCCTCTTTTTT	TTTCACTTCCTCTTTT	+
filter8	MA0687.1	-4	1.20897e-06	0.000901895	0.000591324	14	GTTTCACTTCCTCTTTTTT	TACTTCCTCTTTTT	-
filter8	MA0598.3	-2	2.20365e-06	0.00164392	0.000678726	15	GTTTCACTTCCTCTTTTTT	CTCACTTCCTGTTTC	+
filter8	MA0050.2	-1	2.31278e-06	0.00172534	0.000678726	18	GTTTCACTTCCTCTTTTTT	TTTTACTTTCACTTTCACTTT	+
filter8	MA1418.1	2	1.11567e-05	0.00832288	0.00272843	19	GTTTCACTTCCTCTTTTTT	CAGTTTCGGTTTCCGTTTCCC	-
filter8	MA0473.3	-2	2.4173e-05	0.018033	0.00489151	14	GTTTCACTTCCTCTTTTTT	CCCACTTCCTGTTT	-
filter8	MA1652.1	0	2.79261e-05	0.0208328	0.00489151	14	GTTTCACTTCCTCTTTTTT	TTCTCACCTCCTCC	-
filter8	MA0062.3	-2	3.00024e-05	0.0223818	0.00489151	14	GTTTCACTTCCTCTTTTTT	CCCACTTCCTGTTT	+
filter8	MA1508.1	-5	4.02797e-05	0.0300486	0.00591038	12	GTTTCACTTCCTCTTTTTT	ACTTCCTGTTTC	-
filter8	MA0640.2	-1	5.26989e-05	0.0393134	0.00702973	14	GTTTCACTTCCTCTTTTTT	TTCCACTTCCTGGT	+
filter8	MA0517.1	-3	6.66513e-05	0.0497218	0.00727111	15	GTTTCACTTCCTCTTTTTT	TCAGTTTCATTTTCC	+
filter8	MA0051.1	0	6.70713e-05	0.0500352	0.00727111	18	GTTTCACTTCCTCTTTTTT	GTTTTGCTTTCACTTTCC	-
filter8	MA0761.2	-2	6.93743e-05	0.0517532	0.00727111	14	GTTTCACTTCCTCTTTTTT	TTCACTTCCTGTTT	-
filter8	MA0645.1	-4	0.000102188	0.0762324	0.00999631	10	GTTTCACTTCCTCTTTTTT	CACTTCCGCT	-
filter8	MA1623.1	-5	0.000201426	0.150263	0.0184724	13	GTTTCACTTCCTCTTTTTT	AGTTTCTGTTTCT	-
filter8	MA0136.2	-4	0.000522887	0.390074	0.0451324	11	GTTTCACTTCCTCTTTTTT	TACTTCCGGGT	-
filter8	MA0641.1	-4	0.000805797	0.601125	0.0622359	12	GTTTCACTTCCTCTTTTTT	CACTTCCGGGTT	-
filter8	MA0772.1	-5	0.00081897	0.610952	0.0622359	14	GTTTCACTTCCTCTTTTTT	ACTTTCGCTTTCGT	-
filter8	MA0760.1	-4	0.000848284	0.63282	0.0622359	10	GTTTCACTTCCTCTTTTTT	CACTTCCGGT	-
filter8	MA0764.2	-4	0.00119713	0.893059	0.0836473	10	GTTTCACTTCCTCTTTTTT	CACTTCCTGT	-
filter8	MA1483.1	-4	0.00132503	0.988475	0.0883759	12	GTTTCACTTCCTCTTTTTT	TACTTCCGGGTT	-
filter8	MA0765.2	-3	0.00169978	1.26803	0.108441	11	GTTTCACTTCCTCTTTTTT	CCACTTCCGGC	+
filter8	MA0763.1	-4	0.00203939	1.52138	0.124686	10	GTTTCACTTCCTCTTTTTT	CACTTCCGGT	-
filter8	MA0028.2	-4	0.00217647	1.62364	0.127744	10	GTTTCACTTCCTCTTTTTT	CACTTCCGGT	-
filter8	MA0475.2	-4	0.00264024	1.96962	0.149005	10	GTTTCACTTCCTCTTTTTT	CACTTCCGGT	-
filter8	MA0759.1	-4	0.00299821	2.23666	0.16294	10	GTTTCACTTCCTCTTTTTT	TACTTCCGGT	-
filter8	MA0156.2	-4	0.00340033	2.53664	0.178194	10	GTTTCACTTCCTCTTTTTT	CACTTCCGGT	-
filter8	MA0076.2	-3	0.0035361	2.63793	0.178919	11	GTTTCACTTCCTCTTTTTT	CCACTTCCGGC	+
filter8	MA0098.3	-4	0.0040971	3.05643	0.193518	10	GTTTCACTTCCTCTTTTTT	CACTTCCGGT	-
filter8	MA0474.2	-4	0.0040971	3.05643	0.193518	10	GTTTCACTTCCTCTTTTTT	CACTTCCGGT	-
filter8	MA0762.1	-4	0.00422028	3.14833	0.193518	11	GTTTCACTTCCTCTTTTTT	TATTTCCGGTT	-
filter8	MA0750.2	-2	0.00505029	3.76752	0.222368	13	GTTTCACTTCCTCTTTTTT	GCCACTTCCGGGC	-
filter8	MA0657.1	0	0.00515255	3.8438	0.222368	18	GTTTCACTTCCTCTTTTTT	ATGCCACGCCCCTTTTTG	+
filter8	MA0508.3	-4	0.00707188	5.27562	0.296481	11	GTTTCACTTCCTCTTTTTT	TTCTTTCTCTT	+
filter8	MA0653.1	1	0.0112894	8.42189	0.460148	14	GTTTCACTTCCTCTTTTTT	AGTTTCGGTTTCGTT	-
filter8	MA1126.1	-1	0.0122416	9.13224	0.485475	16	GTTTCACTTCCTCTTTTTT	GATGACGTCATCATTT	+
filter10	MA1634.1	0	6.03968e-06	0.0045056	0.00293094	11	GCTGAGTCATATGGAAACT	TATGAGTCATA	-
filter10	MA0462.2	0	6.66562e-06	0.00497255	0.00293094	11	GCTGAGTCATATGGAAACT	TATGAGTCATA	-
filter10	MA0655.1	-1	7.81233e-06	0.005828	0.00293094	9	GCTGAGTCATATGGAAACT	ATGAGTCAT	-
filter10	MA0835.2	0	8.1008e-06	0.00604319	0.00293094	11	GCTGAGTCATATGGAAACT	TATGAGTCATA	-
filter10	MA0150.2	1	1.02803e-05	0.0076691	0.0029756	14	GCTGAGTCATATGGAAACT	TGCTGAGTCATGCTG	-
filter10	MA1134.1	0	1.69907e-05	0.012675	0.00372898	12	GCTGAGTCATATGGAAACT	GATGAGTCATCC	+
filter10	MA0841.1	0	1.88291e-05	0.0140465	0.00372898	11	GCTGAGTCATATGGAAACT	GATGAGTCATG	-
filter10	MA0476.1	0	2.0613e-05	0.0153773	0.00372898	11	GCTGAGTCATATGGAAACT	TGTGACTCATT	+
filter10	MA1138.1	-1	3.08478e-05	0.0230124	0.00457109	10	GCTGAGTCATATGGAAACT	ATGAGTCATC	-
filter10	MA1135.1	-1	3.38232e-05	0.0252321	0.00457109	10	GCTGAGTCATATGGAAACT	ATGAGTCATC	-
filter10	MA0477.2	1	3.59643e-05	0.0268294	0.00457109	12	GCTGAGTCATATGGAAACT	GGATGAGTCATCA	-
filter10	MA0099.3	-1	4.0582e-05	0.0302742	0.00457109	10	GCTGAGTCATATGGAAACT	ATGAGTCATC	+
filter10	MA0490.2	1	4.19265e-05	0.0312772	0.00457109	12	GCTGAGTCATATGGAAACT	AAATGAGTCATTT	-
filter10	MA1144.1	-1	4.44089e-05	0.033129	0.00457109	10	GCTGAGTCATATGGAAACT	ATGAGTCATC	-
filter10	MA0089.2	3	5.00389e-05	0.037329	0.00457109	13	GCTGAGTCATATGGAAACT	ATTGCTGAGTCATTCT	-
filter10	MA1130.1	1	5.0536e-05	0.0376998	0.00457109	11	GCTGAGTCATATGGAAACT	GGATGAGTCATC	+
filter10	MA1622.1	1	5.95085e-05	0.0443933	0.00465733	13	GCTGAGTCATATGGAAACT	TTATGAGTCATCAT	-
filter10	MA1141.1	1	6.11436e-05	0.0456131	0.00465733	12	GCTGAGTCATATGGAAACT	GGATGAGTCATCG	+
filter10	MA0491.2	1	6.11436e-05	0.0456131	0.00465733	12	GCTGAGTCATATGGAAACT	GGATGAGTCATCA	-
filter10	MA1633.1	2	7.0933e-05	0.052916	0.00513284	11	GCTGAGTCATATGGAAACT	TTGCTGAGTCATC	-
filter10	MA1128.1	1	7.6362e-05	0.0569661	0.00526256	12	GCTGAGTCATATGGAAACT	GGATGAGTCATCA	-
filter10	MA1132.1	-1	9.72046e-05	0.0725146	0.00639446	10	GCTGAGTCATATGGAAACT	ATGAGTCATC	-
filter10	MA1137.1	1	0.000109867	0.0819608	0.00675347	12	GCTGAGTCATATGGAAACT	GTATGAGTCATCA	-
filter10	MA0489.1	-1	0.000111995	0.0835483	0.00675347	14	GCTGAGTCATATGGAAACT	ATGAGTCATCTCCT	-
filter10	MA0478.1	-1	0.000131526	0.0981181	0.00761394	11	GCTGAGTCATATGGAAACT	ATGAGTCATCC	-
filter10	MA1142.1	-1	0.000238183	0.177684	0.0118864	10	GCTGAGTCATATGGAAACT	ATGAGTCATC	-
filter10	MA0501.1	5	0.000401887	0.299808	0.016434	10	GCTGAGTCATATGGAAACT	AAATTGCTGAGTCAT	-
filter10	MA0591.1	2	0.000427197	0.318689	0.0167096	13	GCTGAGTCATATGGAAACT	GTGCTGAGTCATCCT	-
filter10	MA0496.3	3	0.000482376	0.359852	0.0174528	12	GCTGAGTCATATGGAAACT	ATTGCTGAGTCAGCA	-
filter10	MA1101.2	4	0.00287296	2.14323	0.0815266	15	GCTGAGTCATATGGAAACT	AAATGATGAGTCATGCTTT	-
filter10	MA1114.1	1	0.00617525	4.60673	0.165501	16	GCTGAGTCATATGGAAACT	GGGTGAGTGACAGGCGG	+
filter10	MA1639.1	0	0.00649627	4.84622	0.170386	13	GCTGAGTCATATGGAAACT	AATGATTGATGAC	-
filter10	MA0782.2	0	0.00767643	5.72662	0.191545	15	GCTGAGTCATATGGAAACT	TTTGAGTGACAGCTA	+
filter10	MA1143.1	0	0.00827507	6.1732	0.202983	10	GCTGAGTCATATGGAAACT	GTTACGTCAT	-
filter10	MA1113.2	0	0.00897332	6.6941	0.216442	13	GCTGAGTCATATGGAAACT	AATGATTTATGAC	-
filter10	MA1651.1	3	0.0103583	7.72728	0.245752	18	GCTGAGTCATATGGAAACT	CGGAGGCAGCCATTTTGGAAC	-
filter10	MA0602.1	-5	0.0119494	8.91429	0.274503	14	GCTGAGTCATATGGAAACT	CTAATATTGCTAAA	+
filter10	MA0601.1	-1	0.0125431	9.35713	0.283637	11	GCTGAGTCATATGGAAACT	TTAATTAATAT	-
filter10	MA1568.1	-4	0.0134827	10.0581	0.300195	12	GCTGAGTCATATGGAAACT	CGCCATATGGTG	-
filter10	MA0676.1	-1	0.0140495	10.481	0.308076	9	GCTGAGTCATATGGAAACT	AAAAGTCAA	+
filter10	MA1640.1	1	0.0152666	11.3889	0.329767	14	GCTGAGTCATATGGAAACT	AAATGATTTATGGCT	+
filter10	MA1123.2	-4	0.0184648	13.7748	0.392985	13	GCTGAGTCATATGGAAACT	AAACATCTGGAAT	-
filter10	MA1524.1	-4	0.0204811	15.2789	0.42958	12	GCTGAGTCATATGGAAACT	GGACATATGGCG	-
filter10	MA0604.1	-2	0.0224593	16.7547	0.464342	8	GCTGAGTCATATGGAAACT	TACGTCAT	-
filter10	MA1110.1	-2	0.0251254	18.7436	0.499616	11	GCTGAGTCATATGGAAACT	TAGGTCATTGA	-
filter10	MA0620.3	-1	0.0252011	18.8	0.499616	18	GCTGAGTCATATGGAAACT	TAAAGTCACGTGACTTTA	+
filter11	MA0491.2	-4	2.22323e-11	1.65853e-08	2.02138e-08	13	ACAGATATGACTCATAATT	TGATGACTCATCC	+
filter11	MA0490.2	-4	2.84883e-11	2.12523e-08	2.02138e-08	13	ACAGATATGACTCATAATT	AAATGACTCATTT	+
filter11	MA0655.1	-6	6.36794e-11	4.75048e-08	3.01224e-08	9	ACAGATATGACTCATAATT	ATGACTCAT	+
filter11	MA1101.2	-1	1.41032e-10	1.0521e-07	4.00276e-08	18	ACAGATATGACTCATAATT	AAAGCATGACTCATCATTT	+
filter11	MA0477.2	-4	3.22574e-10	2.4064e-07	6.53948e-08	13	ACAGATATGACTCATAATT	TGATGACTCATCC	+
filter11	MA0489.1	-1	7.0052e-10	5.22588e-07	9.94104e-08	14	ACAGATATGACTCATAATT	AGGAGATGACTCAT	+
filter11	MA1622.1	-3	7.0052e-10	5.22588e-07	9.94104e-08	14	ACAGATATGACTCATAATT	ATGATGACTCATAA	+
filter11	MA1134.1	-4	3.69524e-09	2.75665e-06	4.03377e-07	12	ACAGATATGACTCATAATT	GGATGACTCATC	-
filter11	MA0841.1	-5	9.391e-09	7.00569e-06	8.88449e-07	11	ACAGATATGACTCATAATT	CATGACTCATC	+
filter11	MA0476.1	-5	2.52143e-08	1.88099e-05	2.10479e-06	11	ACAGATATGACTCATAATT	TGTGACTCATT	+
filter11	MA1128.1	-4	2.7016e-08	2.01539e-05	2.12991e-06	13	ACAGATATGACTCATAATT	TGATGACTCATCC	+
filter11	MA1141.1	-4	3.48785e-08	2.60194e-05	2.60505e-06	13	ACAGATATGACTCATAATT	CGATGACTCATCC	-
filter11	MA1130.1	-5	5.28861e-08	3.9453e-05	3.41138e-06	12	ACAGATATGACTCATAATT	GATGACTCATCC	-
filter11	MA1138.1	-5	5.64754e-08	4.21306e-05	3.48452e-06	10	ACAGATATGACTCATAATT	GATGACTCAT	+
filter11	MA1144.1	-5	7.63042e-08	5.69229e-05	4.46224e-06	10	ACAGATATGACTCATAATT	GATGACTCAT	+
filter11	MA1135.1	-5	1.16896e-07	8.72045e-05	5.52956e-06	10	ACAGATATGACTCATAATT	GATGACTCAT	+
filter11	MA0462.2	-5	1.51552e-07	0.000113058	6.93763e-06	11	ACAGATATGACTCATAATT	TATGACTCATA	+
filter11	MA1634.1	-5	1.71482e-07	0.000127926	7.60467e-06	11	ACAGATATGACTCATAATT	TATGACTCATA	+
filter11	MA0835.2	-5	1.93716e-07	0.000144512	8.08533e-06	11	ACAGATATGACTCATAATT	TATGACTCATA	+
filter11	MA1137.1	-4	2.25129e-07	0.000167946	8.88431e-06	13	ACAGATATGACTCATAATT	TGATGACTCATAC	+
filter11	MA0478.1	-4	3.10726e-07	0.000231801	1.19175e-05	11	ACAGATATGACTCATAATT	GGATGACTCAT	+
filter11	MA0099.3	-5	4.62776e-07	0.000345231	1.62515e-05	10	ACAGATATGACTCATAATT	GATGACTCAT	-
filter11	MA0089.2	-3	2.06213e-06	0.00153835	6.50301e-05	16	ACAGATATGACTCATAATT	AGAATGACTCAGCAAT	+
filter11	MA0496.3	-4	5.50545e-06	0.00410707	0.000166229	15	ACAGATATGACTCATAATT	TGCTGACTCAGCAAT	+
filter11	MA1633.1	-5	8.8537e-06	0.00660486	0.000261755	13	ACAGATATGACTCATAATT	GATGACTCAGCAA	+
filter11	MA1132.1	-5	2.0136e-05	0.0150214	0.000571498	10	ACAGATATGACTCATAATT	GATGACTCAT	+
filter11	MA0591.1	-3	2.60885e-05	0.019462	0.000711963	15	ACAGATATGACTCATAATT	AGGATGACTCAGCAC	+
filter11	MA0501.1	0	4.04806e-05	0.0301985	0.00104447	15	ACAGATATGACTCATAATT	AAATTGCTGAGTCAT	-
filter11	MA1640.1	-2	4.04806e-05	0.0301985	0.00104447	15	ACAGATATGACTCATAATT	AGCCATAAATCATTT	-
filter11	MA1142.1	-5	5.32817e-05	0.0397482	0.00134208	10	ACAGATATGACTCATAATT	GATGACTCAT	+
filter11	MA0150.2	-2	5.39066e-05	0.0402143	0.00134208	15	ACAGATATGACTCATAATT	CAGCATGACTCAGCA	+
filter11	MA1592.1	-2	0.00015411	0.114966	0.0035852	16	ACAGATATGACTCATAATT	AGCGAGAACTCATACC	-
filter11	MA1639.1	-3	0.000204574	0.152612	0.00453609	13	ACAGATATGACTCATAATT	GTCATCAATCATT	+
filter11	MA1113.2	-3	0.000250142	0.186606	0.00546117	13	ACAGATATGACTCATAATT	GTCATAAATCATT	+
filter11	MA1114.1	0	0.000523729	0.390702	0.0110929	17	ACAGATATGACTCATAATT	CCGCCTGTCACTCACCC	-
filter11	MA0782.2	-1	0.000691601	0.515934	0.0140207	15	ACAGATATGACTCATAATT	TAGCTGTCACTCAAA	-
filter11	MA0070.1	-4	0.00148486	1.1077	0.0296782	12	ACAGATATGACTCATAATT	CCATCAATCAAA	+
filter11	MA1636.1	-4	0.0016645	1.24172	0.0323574	15	ACAGATATGACTCATAATT	AAATGATGCAATCAT	+
filter11	MA0833.2	-4	0.0025096	1.87216	0.0474847	14	ACAGATATGACTCATAATT	AAATGATGCAATAA	+
filter11	MA0679.2	-1	0.0037461	2.79459	0.0681549	16	ACAGATATGACTCATAATT	AAAAAATCAATAAATA	+
filter11	MA1126.1	-1	0.0037461	2.79459	0.0681549	16	ACAGATATGACTCATAATT	AAATGATGACGTCATC	-
filter11	MA1651.1	2	0.00383413	2.86026	0.0688734	19	ACAGATATGACTCATAATT	GTTCCAAAATGGCTGCCTCCG	+
filter11	MA0791.1	-2	0.00416421	3.1065	0.0738676	16	ACAGATATGACTCATAATT	ATGCATAATTAATGAG	+
filter11	MA1645.1	-4	0.00596508	4.44995	0.103698	14	ACAGATATGACTCATAATT	TAACCACTCAAGAA	+
filter11	MA0883.1	-1	0.00733005	5.46822	0.125326	17	ACAGATATGACTCATAATT	TGAACCGGATTAATGAA	+
filter11	MA1521.1	-3	0.00789292	5.88812	0.133343	15	ACAGATATGACTCATAATT	TTGCTGACTCAGCAA	-
filter11	MA0854.1	-2	0.00986694	7.36073	0.162815	17	ACAGATATGACTCATAATT	CGAATTAATTAATCACC	+
filter11	MA0631.1	-2	0.0131899	9.83968	0.209203	17	ACAGATATGACTCATAATT	GATAGGGTATCACTTAT	+
filter11	MA0853.1	-2	0.0138344	10.3204	0.214719	17	ACAGATATGACTCATAATT	CGCATTAATTAATTACC	+
filter11	MA1520.1	-3	0.0164845	12.2975	0.243678	15	ACAGATATGACTCATAATT	ATGCTGAGTCAGCAA	+
filter11	MA1583.1	-3	0.0170688	12.7333	0.249714	13	ACAGATATGACTCATAATT	GCATTGCCGCAGT	+
filter11	MA0800.1	-3	0.0188031	14.0271	0.266942	13	ACAGATATGACTCATAATT	ATTTTCACACCTT	-
filter11	MA0790.1	-2	0.0188107	14.0328	0.266942	14	ACAGATATGACTCATAATT	ATGAATAATTAATG	+
filter11	MA0676.1	-6	0.0192767	14.3804	0.268191	9	ACAGATATGACTCATAATT	TTGACTTTT	-
filter11	MA0492.1	-2	0.022887	17.0737	0.312296	15	ACAGATATGACTCATAATT	AAAGATGATGTCATC	+
filter11	MA1479.1	-4	0.0265505	19.8066	0.352128	12	ACAGATATGACTCATAATT	AATTGATACATT	+
filter11	MA1657.1	-5	0.0265505	19.8066	0.352128	12	ACAGATATGACTCATAATT	TTTAACTCTTTC	-
filter11	MA0063.2	-6	0.0284144	21.1972	0.369934	11	ACAGATATGACTCATAATT	ACCACTCAAAA	+
filter11	MA0610.1	-5	0.029808	22.2368	0.377682	11	ACAGATATGACTCATAATT	AATGTATCAAT	+
filter11	MA0102.4	-4	0.0327848	24.4575	0.400377	14	ACAGATATGACTCATAATT	TTATTGCACAATAT	+
filter11	MA0122.3	-3	0.0330098	24.6253	0.400377	13	ACAGATATGACTCATAATT	ATAACCACTTAAA	+
filter11	MA0072.1	-1	0.0342918	25.5817	0.404539	14	ACAGATATGACTCATAATT	TATAAGTAGGTCAA	+
filter11	MA1145.1	-3	0.0343954	25.659	0.404539	15	ACAGATATGACTCATAATT	GCGATGACGTCATCA	-
filter11	MA0851.1	-1	0.0344932	25.7319	0.404539	17	ACAGATATGACTCATAATT	AAAAAGTAAACAAACCC	+
filter11	MA0117.2	0	0.0351414	26.2155	0.408762	12	ACAGATATGACTCATAATT	AAAATGCTGACT	+
filter11	MA0046.2	-1	0.0359514	26.8197	0.414784	15	ACAGATATGACTCATAATT	AGTTAATGATTAACT	+
filter11	MA0043.3	-4	0.0374932	27.97	0.42722	14	ACAGATATGACTCATAATT	TTGTTATGCAACAA	+
filter11	MA0615.1	0	0.0376314	28.073	0.42722	17	ACAGATATGACTCATAATT	GAGTGTACGTAAGATGG	+
filter11	MA1143.1	-6	0.0392313	29.2665	0.435643	10	ACAGATATGACTCATAATT	ATGACGTAAC	+
filter11	MA0896.1	-1	0.0392943	29.3135	0.435643	17	ACAGATATGACTCATAATT	ATTCATTAATTGCTTGT	-
filter11	MA0594.2	-1	0.0411367	30.688	0.452534	10	ACAGATATGACTCATAATT	CGTTTACGAC	-
filter11	MA1124.1	-4	0.0432345	32.2529	0.46835	13	ACAGATATGACTCATAATT	GAATGAATGAATG	-
filter12	MA0002.2	-5	4.75246e-08	3.54533e-05	7.07376e-05	11	AATCAAAACCACAGAGAGA	AAACCACAGAC	-
filter12	MA0684.2	-4	3.57881e-07	0.000266979	0.000266342	12	AATCAAAACCACAGAGAGA	AAAACCTCAAAT	+
filter12	MA0511.2	-5	5.74889e-06	0.00428867	0.0028523	9	AATCAAAACCACAGAGAGA	AAACCGCAA	+
filter12	MA1579.1	-4	0.00028923	0.215765	0.107625	15	AATCAAAACCACAGAGAGA	TACTCCAGAAAAGAT	+
filter12	MA0479.1	-2	0.000507158	0.37834	0.150975	11	AATCAAAACCACAGAGAGA	TCCAATCCACA	+
filter12	MA0056.2	-3	0.000763084	0.569261	0.183549	13	AATCAAAACCACAGAGAGA	CAAATCCCCACTT	+
filter12	MA0695.1	-4	0.000863214	0.643958	0.183549	12	AATCAAAACCACAGAGAGA	GCGACCACCGAA	+
filter12	MA0130.1	-6	0.00246117	1.83603	0.410024	6	AATCAAAACCACAGAGAGA	ATCCAC	+
filter12	MA0679.2	-2	0.00260232	1.94133	0.410024	16	AATCAAAACCACAGAGAGA	AAAAAATCAATAAATA	+
filter12	MA1119.1	0	0.00275472	2.05502	0.410024	16	AATCAAAACCACAGAGAGA	AACTGAAACCTGATAC	+
filter13	MA1548.1	-7	1.54603e-05	0.0115334	0.0230273	10	AAAAGGTTGGACCCCCAAC	TGGGCCCCCT	+
filter13	MA0864.2	-3	0.00011891	0.0887066	0.0885548	16	AAAAGGTTGGACCCCCAAC	GTTTTGGCGCCATTTC	+
filter13	MA0695.1	-7	0.000511541	0.38161	0.190478	12	AAAAGGTTGGACCCCCAAC	GCGACCACCGAA	+
filter13	MA0631.1	-2	0.000794842	0.592952	0.236775	17	AAAAGGTTGGACCCCCAAC	ATTAGTGATACCCTATC	-
filter14	MA0002.2	1	1.00224e-06	0.00074767	0.00149278	10	TTTGTGGTTTTGATTTGCA	GTCTGTGGTTT	+
filter14	MA0684.2	1	2.17339e-06	0.00162135	0.00161857	11	TTTGTGGTTTTGATTTGCA	ATTTGAGGTTTT	-
filter14	MA0511.2	-1	1.10952e-05	0.00827702	0.00550857	9	TTTGTGGTTTTGATTTGCA	TTGCGGTTT	-
filter14	MA0479.1	-2	0.000163237	0.121775	0.0607833	11	TTTGTGGTTTTGATTTGCA	TGTGGATTGGA	-
filter14	MA0056.2	1	0.00077555	0.578561	0.231028	12	TTTGTGGTTTTGATTTGCA	AAGTGGGGATTTG	-
filter14	MA1119.1	1	0.00153385	1.14425	0.380765	15	TTTGTGGTTTTGATTTGCA	GTATCAGGTTTCAGTT	-
filter14	MA0695.1	1	0.00211744	1.57961	0.450544	11	TTTGTGGTTTTGATTTGCA	TTCGGTGGTCGC	-
filter14	MA0851.1	0	0.00265395	1.97984	0.480948	17	TTTGTGGTTTTGATTTGCA	GTGTTTGTTTACTTTTT	-
filter14	MA0130.1	-3	0.00290613	2.16798	0.480948	6	TTTGTGGTTTTGATTTGCA	GTGGAT	-
filter15	MA0050.2	-4	2.23785e-08	1.66944e-05	3.31967e-05	15	TTTAAAAGAGGAACTGAAA	AAAGTGAAAGTGAAAGTAAAA	-
filter15	MA0080.5	-1	1.74699e-07	0.000130325	0.000129576	18	TTTAAAAGAGGAACTGAAA	AAAAAAGAGGAAGTGAAAAA	+
filter15	MA0081.2	-3	9.48248e-07	0.000707393	0.000457585	16	TTTAAAAGAGGAACTGAAA	AAAAGAGGAAGTGAAA	-
filter15	MA1418.1	-1	1.23387e-06	0.000920465	0.000457585	18	TTTAAAAGAGGAACTGAAA	GGGAAACGGAAACCGAAACTG	+
filter15	MA0517.1	-8	3.2672e-05	0.0243733	0.00969323	11	TTTAAAAGAGGAACTGAAA	GGAAAATGAAACTGA	-
filter15	MA1623.1	-8	4.75297e-05	0.0354571	0.0117511	11	TTTAAAAGAGGAACTGAAA	AGAAACAGAAACT	+
filter15	MA0653.1	-6	8.12557e-05	0.0606168	0.0172194	13	TTTAAAAGAGGAACTGAAA	AACGAAACCGAAACT	+
filter15	MA0772.1	-7	0.000270468	0.201769	0.050152	12	TTTAAAAGAGGAACTGAAA	ACGAAAGCGAAAGT	+
filter15	MA1652.1	-6	0.000481589	0.359266	0.0714398	13	TTTAAAAGAGGAACTGAAA	GGAGGAGGTGAGAA	+
filter15	MA0652.1	-7	0.000481589	0.359266	0.0714398	12	TTTAAAAGAGGAACTGAAA	TCGAAACCGAAACT	+
filter15	MA0598.3	-3	0.000764556	0.570359	0.103105	15	TTTAAAAGAGGAACTGAAA	GAAACAGGAAGTGAG	-
filter15	MA0051.1	-8	0.00117029	0.873038	0.144669	11	TTTAAAAGAGGAACTGAAA	GGAAAGCGAAACCAAAAC	+
filter15	MA1419.1	-7	0.00154521	1.15272	0.176322	12	TTTAAAAGAGGAACTGAAA	CCGAAACCGAAACTA	+
filter15	MA0687.1	-2	0.0021596	1.61106	0.228828	14	TTTAAAAGAGGAACTGAAA	AAAAAGAGGAAGTA	+
filter15	MA0473.3	-4	0.0035837	2.67344	0.354408	14	TTTAAAAGAGGAACTGAAA	AAACAGGAAGTGGG	+
filter15	MA0062.3	-4	0.00400127	2.98495	0.370972	14	TTTAAAAGAGGAACTGAAA	AAACAGGAAGTGGG	-
filter15	MA0640.2	-5	0.005541	4.13358	0.483506	14	TTTAAAAGAGGAACTGAAA	ACCAGGAAGTGGAA	-

# Tomtom (Motif Comparison Tool): Version 5.3.0 compiled on Dec 15 2020 at 00:08:05
# The format of this file is described at http://meme-suite.org/doc/tomtom-output-format.html.
# tomtom -o ./Tomtom/4_PAD186_vs._JASPAR2020 ./4_PAD186_IRF4_hg38/motifs/filters.meme ./JASPAR2020_CORE_vertebrates_non-redundant_pfms_meme.txt
